{"cameraMode":{"drawMode":0,"name":"Shaded","section":"Shading Mode"},"sceneLighting":false,"audioPlay":false,"sceneViewState":{"showFog":true,"showMaterialUpdate":false,"showSkybox":false,"showFlares":true,"showImageEffects":true,"showParticleSystems":true},"in2DMode":false,"pivot":{"x":318.43963623046877,"y":227.3832244873047,"z":-19.828458786010743},"rotation":{"x":-0.023994985967874528,"y":0.014995107427239418,"z":0.0003599500050768256,"w":0.9995995759963989},"size":697.9613647460938,"orthographic":false}